{
  "Admin": {
    "permissions": ["ALL"]
  },
  "User": {
    "permissions": ["edit tasks", "manage member schedule"]
  },
  "Client": { 
    "permissions": []
  },
  "Project Planner": {
    "permissions": [
      "edit tasks",
      "delete tasks",
      "edit projects",
      "delete projects",
      "edit clients",
      "delete clients",
      "create projects",
      "create tasks",
      "create clients",
      "manage projects",
      "manage tasks",
      "manage clients",
      "create workspaces",
      "manage workspaces",
      "edit workspaces",
      "delete workspaces",
      "create meetings",
      "manage meetings",
      "edit meetings",
      "delete meetings",
      "delete contracts",
      "edit contracts",
      "manage contracts",
      "create contracts",
      "create timesheet",
      "delete timesheet",
      "manage timesheet",
      "delete activity log",
      "create milestones",
      "manage milestones",
      "edit milestones",
      "delete milestones",
      "manage system notifications",
      "delete system notifications",
      "project manager"
    ]
  },
  "Warehouse Manager": {
    "permissions": [
      "create timesheet",
      "manage inventories",
      "manage incoming requests"
    ]
  },
  "HR Manager": {
    "permissions": ["manage incoming requests", "manage hr"]
  },
  "Finance": {
    "permissions": [
      "create payslips",
      "edit payslips",
      "delete payslips",
      "manage payslips",
      "create estimates invoices",
      "manage estimates invoices",
      "edit estimates invoices",
      "delete estimates invoices",
      "create expenses",
      "manage expenses",
      "edit expenses",
      "delete expenses",
      "manage incoming requests"
    ]
  },
  "Procurement": {
    "permissions": ["manage inventories"]
  },
  "Project Analyst": {
    "permissions": [
      "manage users",
      "manage projects",
      "manage tasks",
      "manage clients",
      "manage workspaces",
      "manage meetings",
      "manage contracts",
      "manage timesheet",
      "manage payslips",
      "manage expenses",
      "manage milestones",
      "manage system notifications",
      "manage inventories",
      "manage resource allocation",
      "manage incoming requests",
      "manage hr",
      "manage master schedule",
      "manage admin schedule",
      "manage member schedule",
      "department"
    ]
  },
  "Project Manager": {
    "permissions": [
      "manage users",
      "manage projects",
      "manage tasks",
      "manage clients",
      "manage workspaces",
      "manage meetings",
      "manage contracts",
      "manage payslips",
      "manage estimates invoices",
      "manage expenses",
      "manage milestones",
      "manage system notifications",
      "manage inventories",
      "manage resource allocation",
      "manage incoming requests",
      "manage hr",
      "manage master schedule",
      "manage admin schedule",
      "manage member schedule",
      "department"
    ]
  },
  "Consultant": {
    "permissions": [
      "manage users",
      "manage projects",
      "manage tasks",
      "manage clients",
      "manage workspaces",
      "manage meetings",
      "manage contracts",
      "manage timesheet",
      "manage payslips",
      "manage estimates invoices",
      "manage expenses",
      "manage milestones"
    ]
  },
  "Supervisor": {
    "permissions": [
      "manage users",
      "manage projects",
      "manage tasks",
      "manage clients",
      "manage workspaces",
      "manage meetings",
      "manage contracts",
      "manage timesheet",
      "manage payslips",
      "manage activity log",
      "create estimates invoices",
      "manage estimates invoices",
      "create expenses",
      "manage expenses",
      "create milestones",
      "manage milestones",
      "manage system notifications",
      "manage inventories",
      "manage resource allocation",
      "manage incoming requests",
      "manage hr",
      "manage master schedule",
      "manage admin schedule",
      "manage member schedule"
    ]
  },
  "Site Engineer": {
    "permissions": [
      "edit tasks",
      "delete tasks",
      "edit projects",
      "delete projects",
      "edit clients",
      "delete clients",
      "create projects",
      "create tasks",
      "create clients",
      "edit users",
      "delete users",
      "manage users",
      "manage projects",
      "manage tasks",
      "manage clients",
      "create users",
      "create workspaces",
      "manage workspaces",
      "edit workspaces",
      "delete workspaces",
      "create meetings",
      "manage meetings",
      "edit meetings",
      "delete meetings",
      "delete contracts",
      "edit contracts",
      "manage contracts",
      "create contracts",
      "create timesheet",
      "delete timesheet",
      "manage timesheet",
      "create payslips",
      "edit payslips",
      "delete payslips",
      "manage payslips",
      "manage activity log",
      "delete activity log",
      "create estimates invoices",
      "manage estimates invoices",
      "edit estimates invoices",
      "delete estimates invoices",
      "create expenses",
      "manage expenses",
      "edit expenses",
      "delete expenses",
      "create milestones",
      "manage milestones",
      "edit milestones",
      "delete milestones",
      "manage system notifications",
      "delete system notifications",
      "manage inventories",
      "manage resource allocation",
      "manage incoming requests",
      "manage hr",
      "manage master schedule",
      "manage admin schedule",
      "manage member schedule",
      "department",
      "consultant",
      "project manager"
    ]
  },
  "Building Engineer": {
    "permissions": [
      "edit tasks",
      "delete tasks",
      "edit projects",
      "delete projects",
      "edit clients",
      "delete clients",
      "create projects",
      "create tasks",
      "create clients",
      "edit users",
      "delete users",
      "manage users",
      "manage projects",
      "manage tasks",
      "manage clients",
      "create users",
      "create workspaces",
      "manage workspaces",
      "edit workspaces",
      "delete workspaces",
      "create meetings",
      "manage meetings",
      "edit meetings",
      "delete meetings",
      "delete contracts",
      "edit contracts",
      "manage contracts",
      "create contracts",
      "create timesheet",
      "delete timesheet",
      "manage timesheet",
      "create payslips",
      "edit payslips",
      "delete payslips",
      "manage payslips",
      "manage activity log",
      "delete activity log",
      "create estimates invoices",
      "manage estimates invoices",
      "edit estimates invoices",
      "delete estimates invoices",
      "create expenses",
      "manage expenses",
      "edit expenses",
      "delete expenses",
      "create milestones",
      "manage milestones",
      "edit milestones",
      "delete milestones",
      "manage system notifications",
      "delete system notifications",
      "manage inventories",
      "manage resource allocation",
      "manage incoming requests",
      "manage hr",
      "manage master schedule",
      "manage admin schedule",
      "manage member schedule",
      "department",
      "consultant",
      "project manager"
    ]
  },
  "Office Engineer": {
    "permissions": [
      "edit tasks",
      "delete tasks",
      "edit projects",
      "delete projects",
      "edit clients",
      "delete clients",
      "create projects",
      "create tasks",
      "create clients",
      "edit users",
      "delete users",
      "manage users",
      "manage projects",
      "manage tasks",
      "manage clients",
      "create users",
      "create workspaces",
      "manage workspaces",
      "edit workspaces",
      "delete workspaces",
      "create meetings",
      "manage meetings",
      "edit meetings",
      "delete meetings",
      "delete contracts",
      "edit contracts",
      "manage contracts",
      "create contracts",
      "create timesheet",
      "delete timesheet",
      "manage timesheet",
      "create payslips",
      "edit payslips",
      "delete payslips",
      "manage payslips",
      "manage activity log",
      "delete activity log",
      "create estimates invoices",
      "manage estimates invoices",
      "edit estimates invoices",
      "delete estimates invoices",
      "create expenses",
      "manage expenses",
      "edit expenses",
      "delete expenses",
      "create milestones",
      "manage milestones",
      "edit milestones",
      "delete milestones",
      "manage system notifications",
      "delete system notifications",
      "manage inventories",
      "manage resource allocation",
      "manage incoming requests",
      "manage hr",
      "manage master schedule",
      "manage admin schedule",
      "manage member schedule",
      "department",
      "consultant",
      "project manager"
    ]
  },
  "Equipment Manager": {
    "permissions": ["manage inventories"]
  },
  "Cashier": {
    "permissions": [
      "delete contracts",
      "edit contracts",
      "manage contracts",
      "create contracts",
      "create payslips",
      "edit payslips",
      "delete payslips",
      "manage payslips",
      "create expenses",
      "manage expenses",
      "edit expenses",
      "delete expenses"
    ]
  },
  "Water Works Engineer": {
    "permissions": [
      "edit tasks",
      "delete tasks",
      "edit projects",
      "delete projects",
      "edit clients",
      "delete clients",
      "create projects",
      "create tasks",
      "create clients",
      "edit users",
      "delete users",
      "manage users",
      "manage projects",
      "manage tasks",
      "manage clients",
      "create users",
      "create workspaces",
      "manage workspaces",
      "edit workspaces",
      "delete workspaces",
      "create meetings",
      "manage meetings",
      "edit meetings",
      "delete meetings",
      "delete contracts",
      "edit contracts",
      "manage contracts",
      "create contracts",
      "create timesheet",
      "delete timesheet",
      "manage timesheet",
      "create payslips",
      "edit payslips",
      "delete payslips",
      "manage payslips",
      "manage activity log",
      "delete activity log",
      "create estimates invoices",
      "manage estimates invoices",
      "edit estimates invoices",
      "delete estimates invoices",
      "create expenses",
      "manage expenses",
      "edit expenses",
      "delete expenses",
      "create milestones",
      "manage milestones",
      "edit milestones",
      "delete milestones",
      "manage system notifications",
      "delete system notifications",
      "manage inventories",
      "manage resource allocation",
      "manage incoming requests",
      "manage hr",
      "manage master schedule",
      "manage admin schedule",
      "manage member schedule",
      "department",
      "consultant",
      "project manager"
    ]
  },
  "Foreman": {
    "permissions": [
      "edit tasks",
      "delete tasks",
      "edit projects",
      "delete projects",
      "edit clients",
      "delete clients",
      "create projects",
      "create tasks",
      "create clients",
      "edit users",
      "delete users",
      "manage users",
      "manage projects",
      "manage tasks",
      "manage clients",
      "create users",
      "create workspaces",
      "manage workspaces",
      "edit workspaces",
      "delete workspaces",
      "create meetings",
      "manage meetings",
      "edit meetings",
      "delete meetings",
      "delete contracts",
      "edit contracts",
      "manage contracts",
      "create contracts",
      "create timesheet",
      "delete timesheet",
      "manage timesheet",
      "create payslips",
      "edit payslips",
      "delete payslips",
      "manage payslips",
      "manage activity log",
      "delete activity log",
      "create estimates invoices",
      "manage estimates invoices",
      "edit estimates invoices",
      "delete estimates invoices",
      "create milestones",
      "manage milestones",
      "edit milestones",
      "delete milestones",
      "manage system notifications",
      "delete system notifications",
      "manage incoming requests",
      "manage master schedule"
    ]
  },
  "Quality Control": {
    "permissions": [
      "edit tasks",
      "delete tasks",
      "edit projects",
      "delete projects",
      "edit clients",
      "delete clients",
      "create projects",
      "create tasks",
      "create clients",
      "edit users",
      "delete users",
      "manage users",
      "manage projects",
      "manage tasks",
      "manage clients",
      "create users",
      "create workspaces",
      "manage workspaces",
      "edit workspaces",
      "delete workspaces",
      "create meetings",
      "manage meetings",
      "edit meetings",
      "delete meetings",
      "delete contracts",
      "edit contracts",
      "manage contracts",
      "create contracts",
      "create timesheet",
      "delete timesheet",
      "manage timesheet",
      "create payslips",
      "edit payslips",
      "delete payslips",
      "manage payslips",
      "manage activity log",
      "delete activity log",
      "create estimates invoices",
      "manage estimates invoices",
      "edit estimates invoices",
      "delete estimates invoices",
      "create milestones",
      "manage milestones",
      "edit milestones",
      "delete milestones",
      "manage system notifications",
      "delete system notifications",
      "manage resource allocation",
      "manage incoming requests",
      "manage hr",
      "manage master schedule",
      "department",
      "consultant",
      "project manager"
    ]
  }
}
